Target,Target_Namespace,Target_Type,Target_Method,Job_Id,Job_AnalyzeLaunchVariance,Job_EvaluateOverhead,Job_MaxAbsoluteError,Job_MaxRelativeError,Job_MinInvokeCount,Job_MinIterationTime,Job_RemoveOutliers,Job_Affinity,Job_Jit,Job_Platform,Job_Runtime,Job_AllowVeryLargeObjects,Job_Concurrent,Job_CpuGroups,Job_Force,Job_HeapAffinitizeMask,Job_HeapCount,Job_NoAffinitize,Job_RetainVm,Job_Server,Job_Arguments,Job_BuildConfiguration,Job_Clock,Job_EngineFactory,Job_EnvironmentVariables,Job_Toolchain,Job_IsBaseline,Job_InvocationCount,Job_IterationTime,Job_LaunchCount,Job_RunStrategy,Job_TargetCount,Job_UnrollFactor,Job_WarmupCount,Job_Display,Params,Measurement_LaunchIndex,Measurement_IterationMode,Measurement_IterationIndex,Measurement_Nanoseconds,Measurement_Operations,Measurement_Value
Program.Perform,Perf.App,Program,Perform,Core,Default,Default,Default,Default,Default,Default,Default,Default,Default,Default,Core,Default,Default,Default,Default,Default,Default,Default,Default,Default,Default,Default,Default,Default,Default,Default,Default,Default,Default,Default,Default,Default,Default,Default,Core(Runtime=Core),,1,Pilot,1,586842.06,16,36677.63
Program.Perform,Perf.App,Program,Perform,Core,Default,Default,Default,Default,Default,Default,Default,Default,Default,Default,Core,Default,Default,Default,Default,Default,Default,Default,Default,Default,Default,Default,Default,Default,Default,Default,Default,Default,Default,Default,Default,Default,Default,Default,Core(Runtime=Core),,1,Pilot,2,6641.22,32,207.54
Program.Perform,Perf.App,Program,Perform,Core,Default,Default,Default,Default,Default,Default,Default,Default,Default,Default,Core,Default,Default,Default,Default,Default,Default,Default,Default,Default,Default,Default,Default,Default,Default,Default,Default,Default,Default,Default,Default,Default,Default,Default,Core(Runtime=Core),,1,Pilot,3,4226.23,64,66.03
Program.Perform,Perf.App,Program,Perform,Core,Default,Default,Default,Default,Default,Default,Default,Default,Default,Default,Core,Default,Default,Default,Default,Default,Default,Default,Default,Default,Default,Default,Default,Default,Default,Default,Default,Default,Default,Default,Default,Default,Default,Default,Core(Runtime=Core),,1,Pilot,4,6037.47,128,47.17
Program.Perform,Perf.App,Program,Perform,Core,Default,Default,Default,Default,Default,Default,Default,Default,Default,Default,Core,Default,Default,Default,Default,Default,Default,Default,Default,Default,Default,Default,Default,Default,Default,Default,Default,Default,Default,Default,Default,Default,Default,Default,Core(Runtime=Core),,1,Pilot,5,10867.45,256,42.45
Program.Perform,Perf.App,Program,Perform,Core,Default,Default,Default,Default,Default,Default,Default,Default,Default,Default,Core,Default,Default,Default,Default,Default,Default,Default,Default,Default,Default,Default,Default,Default,Default,Default,Default,Default,Default,Default,Default,Default,Default,Default,Core(Runtime=Core),,1,Pilot,6,19319.9,512,37.73
Program.Perform,Perf.App,Program,Perform,Core,Default,Default,Default,Default,Default,Default,Default,Default,Default,Default,Core,Default,Default,Default,Default,Default,Default,Default,Default,Default,Default,Default,Default,Default,Default,Default,Default,Default,Default,Default,Default,Default,Default,Default,Core(Runtime=Core),,1,Pilot,7,33206.08,1024,32.43
Program.Perform,Perf.App,Program,Perform,Core,Default,Default,Default,Default,Default,Default,Default,Default,Default,Default,Core,Default,Default,Default,Default,Default,Default,Default,Default,Default,Default,Default,Default,Default,Default,Default,Default,Default,Default,Default,Default,Default,Default,Default,Core(Runtime=Core),,1,Pilot,8,71242.14,2048,34.79
Program.Perform,Perf.App,Program,Perform,Core,Default,Default,Default,Default,Default,Default,Default,Default,Default,Default,Core,Default,Default,Default,Default,Default,Default,Default,Default,Default,Default,Default,Default,Default,Default,Default,Default,Default,Default,Default,Default,Default,Default,Default,Core(Runtime=Core),,1,Pilot,9,133428.08,4096,32.58
Program.Perform,Perf.App,Program,Perform,Core,Default,Default,Default,Default,Default,Default,Default,Default,Default,Default,Core,Default,Default,Default,Default,Default,Default,Default,Default,Default,Default,Default,Default,Default,Default,Default,Default,Default,Default,Default,Default,Default,Default,Default,Core(Runtime=Core),,1,Pilot,10,264441.17,8192,32.28
Program.Perform,Perf.App,Program,Perform,Core,Default,Default,Default,Default,Default,Default,Default,Default,Default,Default,Core,Default,Default,Default,Default,Default,Default,Default,Default,Default,Default,Default,Default,Default,Default,Default,Default,Default,Default,Default,Default,Default,Default,Default,Core(Runtime=Core),,1,Pilot,11,500506.24,16384,30.55
Program.Perform,Perf.App,Program,Perform,Core,Default,Default,Default,Default,Default,Default,Default,Default,Default,Default,Core,Default,Default,Default,Default,Default,Default,Default,Default,Default,Default,Default,Default,Default,Default,Default,Default,Default,Default,Default,Default,Default,Default,Default,Core(Runtime=Core),,1,Pilot,12,1003427.47,32768,30.62
Program.Perform,Perf.App,Program,Perform,Core,Default,Default,Default,Default,Default,Default,Default,Default,Default,Default,Core,Default,Default,Default,Default,Default,Default,Default,Default,Default,Default,Default,Default,Default,Default,Default,Default,Default,Default,Default,Default,Default,Default,Default,Core(Runtime=Core),,1,Pilot,13,1980893.82,65536,30.23
Program.Perform,Perf.App,Program,Perform,Core,Default,Default,Default,Default,Default,Default,Default,Default,Default,Default,Core,Default,Default,Default,Default,Default,Default,Default,Default,Default,Default,Default,Default,Default,Default,Default,Default,Default,Default,Default,Default,Default,Default,Default,Core(Runtime=Core),,1,Pilot,14,3950316.45,131072,30.14
Program.Perform,Perf.App,Program,Perform,Core,Default,Default,Default,Default,Default,Default,Default,Default,Default,Default,Core,Default,Default,Default,Default,Default,Default,Default,Default,Default,Default,Default,Default,Default,Default,Default,Default,Default,Default,Default,Default,Default,Default,Default,Core(Runtime=Core),,1,Pilot,15,8136697.97,262144,31.04
Program.Perform,Perf.App,Program,Perform,Core,Default,Default,Default,Default,Default,Default,Default,Default,Default,Default,Core,Default,Default,Default,Default,Default,Default,Default,Default,Default,Default,Default,Default,Default,Default,Default,Default,Default,Default,Default,Default,Default,Default,Default,Core(Runtime=Core),,1,Pilot,16,15736061.14,524288,30.01
Program.Perform,Perf.App,Program,Perform,Core,Default,Default,Default,Default,Default,Default,Default,Default,Default,Default,Core,Default,Default,Default,Default,Default,Default,Default,Default,Default,Default,Default,Default,Default,Default,Default,Default,Default,Default,Default,Default,Default,Default,Default,Core(Runtime=Core),,1,Pilot,17,31937007.46,1048576,30.46
Program.Perform,Perf.App,Program,Perform,Core,Default,Default,Default,Default,Default,Default,Default,Default,Default,Default,Core,Default,Default,Default,Default,Default,Default,Default,Default,Default,Default,Default,Default,Default,Default,Default,Default,Default,Default,Default,Default,Default,Default,Default,Core(Runtime=Core),,1,Pilot,18,63348151.3,2097152,30.21
Program.Perform,Perf.App,Program,Perform,Core,Default,Default,Default,Default,Default,Default,Default,Default,Default,Default,Core,Default,Default,Default,Default,Default,Default,Default,Default,Default,Default,Default,Default,Default,Default,Default,Default,Default,Default,Default,Default,Default,Default,Default,Core(Runtime=Core),,1,Pilot,19,126892520.36,4194304,30.25
Program.Perform,Perf.App,Program,Perform,Core,Default,Default,Default,Default,Default,Default,Default,Default,Default,Default,Core,Default,Default,Default,Default,Default,Default,Default,Default,Default,Default,Default,Default,Default,Default,Default,Default,Default,Default,Default,Default,Default,Default,Default,Core(Runtime=Core),,1,Pilot,20,243626394.13,8388608,29.04
Program.Perform,Perf.App,Program,Perform,Core,Default,Default,Default,Default,Default,Default,Default,Default,Default,Default,Core,Default,Default,Default,Default,Default,Default,Default,Default,Default,Default,Default,Default,Default,Default,Default,Default,Default,Default,Default,Default,Default,Default,Default,Core(Runtime=Core),,1,Pilot,21,380578546.58,16777216,22.68
Program.Perform,Perf.App,Program,Perform,Core,Default,Default,Default,Default,Default,Default,Default,Default,Default,Default,Core,Default,Default,Default,Default,Default,Default,Default,Default,Default,Default,Default,Default,Default,Default,Default,Default,Default,Default,Default,Default,Default,Default,Default,Core(Runtime=Core),,1,Pilot,22,735316118.9,33554432,21.91
Program.Perform,Perf.App,Program,Perform,Core,Default,Default,Default,Default,Default,Default,Default,Default,Default,Default,Core,Default,Default,Default,Default,Default,Default,Default,Default,Default,Default,Default,Default,Default,Default,Default,Default,Default,Default,Default,Default,Default,Default,Default,Core(Runtime=Core),,1,IdleWarmup,1,126330431.93,33554432,3.76
Program.Perform,Perf.App,Program,Perform,Core,Default,Default,Default,Default,Default,Default,Default,Default,Default,Default,Core,Default,Default,Default,Default,Default,Default,Default,Default,Default,Default,Default,Default,Default,Default,Default,Default,Default,Default,Default,Default,Default,Default,Default,Core(Runtime=Core),,1,IdleWarmup,2,123734319.94,33554432,3.69
Program.Perform,Perf.App,Program,Perform,Core,Default,Default,Default,Default,Default,Default,Default,Default,Default,Default,Core,Default,Default,Default,Default,Default,Default,Default,Default,Default,Default,Default,Default,Default,Default,Default,Default,Default,Default,Default,Default,Default,Default,Default,Core(Runtime=Core),,1,IdleWarmup,3,120198173.91,33554432,3.58
Program.Perform,Perf.App,Program,Perform,Core,Default,Default,Default,Default,Default,Default,Default,Default,Default,Default,Core,Default,Default,Default,Default,Default,Default,Default,Default,Default,Default,Default,Default,Default,Default,Default,Default,Default,Default,Default,Default,Default,Default,Default,Core(Runtime=Core),,1,IdleWarmup,4,125793700.87,33554432,3.75
Program.Perform,Perf.App,Program,Perform,Core,Default,Default,Default,Default,Default,Default,Default,Default,Default,Default,Core,Default,Default,Default,Default,Default,Default,Default,Default,Default,Default,Default,Default,Default,Default,Default,Default,Default,Default,Default,Default,Default,Default,Default,Core(Runtime=Core),,1,IdleWarmup,5,125667517.75,33554432,3.75
Program.Perform,Perf.App,Program,Perform,Core,Default,Default,Default,Default,Default,Default,Default,Default,Default,Default,Core,Default,Default,Default,Default,Default,Default,Default,Default,Default,Default,Default,Default,Default,Default,Default,Default,Default,Default,Default,Default,Default,Default,Default,Core(Runtime=Core),,1,IdleWarmup,6,124492022.39,33554432,3.71
Program.Perform,Perf.App,Program,Perform,Core,Default,Default,Default,Default,Default,Default,Default,Default,Default,Default,Core,Default,Default,Default,Default,Default,Default,Default,Default,Default,Default,Default,Default,Default,Default,Default,Default,Default,Default,Default,Default,Default,Default,Default,Core(Runtime=Core),,1,IdleWarmup,7,132154175.24,33554432,3.94
Program.Perform,Perf.App,Program,Perform,Core,Default,Default,Default,Default,Default,Default,Default,Default,Default,Default,Core,Default,Default,Default,Default,Default,Default,Default,Default,Default,Default,Default,Default,Default,Default,Default,Default,Default,Default,Default,Default,Default,Default,Default,Core(Runtime=Core),,1,IdleWarmup,8,120485557.47,33554432,3.59
Program.Perform,Perf.App,Program,Perform,Core,Default,Default,Default,Default,Default,Default,Default,Default,Default,Default,Core,Default,Default,Default,Default,Default,Default,Default,Default,Default,Default,Default,Default,Default,Default,Default,Default,Default,Default,Default,Default,Default,Default,Default,Core(Runtime=Core),,1,IdleTarget,1,129967403.7,33554432,3.87
Program.Perform,Perf.App,Program,Perform,Core,Default,Default,Default,Default,Default,Default,Default,Default,Default,Default,Core,Default,Default,Default,Default,Default,Default,Default,Default,Default,Default,Default,Default,Default,Default,Default,Default,Default,Default,Default,Default,Default,Default,Default,Core(Runtime=Core),,1,IdleTarget,2,124051890.84,33554432,3.7
Program.Perform,Perf.App,Program,Perform,Core,Default,Default,Default,Default,Default,Default,Default,Default,Default,Default,Core,Default,Default,Default,Default,Default,Default,Default,Default,Default,Default,Default,Default,Default,Default,Default,Default,Default,Default,Default,Default,Default,Default,Default,Core(Runtime=Core),,1,IdleTarget,3,118747369.93,33554432,3.54
Program.Perform,Perf.App,Program,Perform,Core,Default,Default,Default,Default,Default,Default,Default,Default,Default,Default,Core,Default,Default,Default,Default,Default,Default,Default,Default,Default,Default,Default,Default,Default,Default,Default,Default,Default,Default,Default,Default,Default,Default,Default,Core(Runtime=Core),,1,IdleTarget,4,134110919.19,33554432,4
Program.Perform,Perf.App,Program,Perform,Core,Default,Default,Default,Default,Default,Default,Default,Default,Default,Default,Core,Default,Default,Default,Default,Default,Default,Default,Default,Default,Default,Default,Default,Default,Default,Default,Default,Default,Default,Default,Default,Default,Default,Default,Core(Runtime=Core),,1,IdleTarget,5,124074229.48,33554432,3.7
Program.Perform,Perf.App,Program,Perform,Core,Default,Default,Default,Default,Default,Default,Default,Default,Default,Default,Core,Default,Default,Default,Default,Default,Default,Default,Default,Default,Default,Default,Default,Default,Default,Default,Default,Default,Default,Default,Default,Default,Default,Default,Core(Runtime=Core),,1,IdleTarget,6,134166463.91,33554432,4
Program.Perform,Perf.App,Program,Perform,Core,Default,Default,Default,Default,Default,Default,Default,Default,Default,Default,Core,Default,Default,Default,Default,Default,Default,Default,Default,Default,Default,Default,Default,Default,Default,Default,Default,Default,Default,Default,Default,Default,Default,Default,Core(Runtime=Core),,1,IdleTarget,7,139684711.25,33554432,4.16
Program.Perform,Perf.App,Program,Perform,Core,Default,Default,Default,Default,Default,Default,Default,Default,Default,Default,Core,Default,Default,Default,Default,Default,Default,Default,Default,Default,Default,Default,Default,Default,Default,Default,Default,Default,Default,Default,Default,Default,Default,Default,Core(Runtime=Core),,1,IdleTarget,8,127383366.65,33554432,3.8
Program.Perform,Perf.App,Program,Perform,Core,Default,Default,Default,Default,Default,Default,Default,Default,Default,Default,Core,Default,Default,Default,Default,Default,Default,Default,Default,Default,Default,Default,Default,Default,Default,Default,Default,Default,Default,Default,Default,Default,Default,Default,Core(Runtime=Core),,1,IdleTarget,9,122122919.26,33554432,3.64
Program.Perform,Perf.App,Program,Perform,Core,Default,Default,Default,Default,Default,Default,Default,Default,Default,Default,Core,Default,Default,Default,Default,Default,Default,Default,Default,Default,Default,Default,Default,Default,Default,Default,Default,Default,Default,Default,Default,Default,Default,Default,Core(Runtime=Core),,1,IdleTarget,10,132808033.22,33554432,3.96
Program.Perform,Perf.App,Program,Perform,Core,Default,Default,Default,Default,Default,Default,Default,Default,Default,Default,Core,Default,Default,Default,Default,Default,Default,Default,Default,Default,Default,Default,Default,Default,Default,Default,Default,Default,Default,Default,Default,Default,Default,Default,Core(Runtime=Core),,1,IdleTarget,11,119870339.3,33554432,3.57
Program.Perform,Perf.App,Program,Perform,Core,Default,Default,Default,Default,Default,Default,Default,Default,Default,Default,Core,Default,Default,Default,Default,Default,Default,Default,Default,Default,Default,Default,Default,Default,Default,Default,Default,Default,Default,Default,Default,Default,Default,Default,Core(Runtime=Core),,1,IdleTarget,12,134513618.42,33554432,4.01
Program.Perform,Perf.App,Program,Perform,Core,Default,Default,Default,Default,Default,Default,Default,Default,Default,Default,Core,Default,Default,Default,Default,Default,Default,Default,Default,Default,Default,Default,Default,Default,Default,Default,Default,Default,Default,Default,Default,Default,Default,Default,Core(Runtime=Core),,1,IdleTarget,13,127823498.19,33554432,3.81
Program.Perform,Perf.App,Program,Perform,Core,Default,Default,Default,Default,Default,Default,Default,Default,Default,Default,Core,Default,Default,Default,Default,Default,Default,Default,Default,Default,Default,Default,Default,Default,Default,Default,Default,Default,Default,Default,Default,Default,Default,Default,Core(Runtime=Core),,1,IdleTarget,14,118740728.71,33554432,3.54
Program.Perform,Perf.App,Program,Perform,Core,Default,Default,Default,Default,Default,Default,Default,Default,Default,Default,Core,Default,Default,Default,Default,Default,Default,Default,Default,Default,Default,Default,Default,Default,Default,Default,Default,Default,Default,Default,Default,Default,Default,Default,Core(Runtime=Core),,1,IdleTarget,15,126568308.23,33554432,3.77
Program.Perform,Perf.App,Program,Perform,Core,Default,Default,Default,Default,Default,Default,Default,Default,Default,Default,Core,Default,Default,Default,Default,Default,Default,Default,Default,Default,Default,Default,Default,Default,Default,Default,Default,Default,Default,Default,Default,Default,Default,Default,Core(Runtime=Core),,1,IdleTarget,16,130161206.48,33554432,3.88
Program.Perform,Perf.App,Program,Perform,Core,Default,Default,Default,Default,Default,Default,Default,Default,Default,Default,Core,Default,Default,Default,Default,Default,Default,Default,Default,Default,Default,Default,Default,Default,Default,Default,Default,Default,Default,Default,Default,Default,Default,Default,Core(Runtime=Core),,1,MainWarmup,1,756638650.79,33554432,22.55
Program.Perform,Perf.App,Program,Perform,Core,Default,Default,Default,Default,Default,Default,Default,Default,Default,Default,Core,Default,Default,Default,Default,Default,Default,Default,Default,Default,Default,Default,Default,Default,Default,Default,Default,Default,Default,Default,Default,Default,Default,Default,Core(Runtime=Core),,1,MainWarmup,2,907349593.04,33554432,27.04
Program.Perform,Perf.App,Program,Perform,Core,Default,Default,Default,Default,Default,Default,Default,Default,Default,Default,Core,Default,Default,Default,Default,Default,Default,Default,Default,Default,Default,Default,Default,Default,Default,Default,Default,Default,Default,Default,Default,Default,Default,Default,Core(Runtime=Core),,1,MainWarmup,3,775246736.29,33554432,23.1
Program.Perform,Perf.App,Program,Perform,Core,Default,Default,Default,Default,Default,Default,Default,Default,Default,Default,Core,Default,Default,Default,Default,Default,Default,Default,Default,Default,Default,Default,Default,Default,Default,Default,Default,Default,Default,Default,Default,Default,Default,Default,Core(Runtime=Core),,1,MainWarmup,4,736036389.04,33554432,21.94
Program.Perform,Perf.App,Program,Perform,Core,Default,Default,Default,Default,Default,Default,Default,Default,Default,Default,Core,Default,Default,Default,Default,Default,Default,Default,Default,Default,Default,Default,Default,Default,Default,Default,Default,Default,Default,Default,Default,Default,Default,Default,Core(Runtime=Core),,1,MainWarmup,5,740389404.72,33554432,22.07
Program.Perform,Perf.App,Program,Perform,Core,Default,Default,Default,Default,Default,Default,Default,Default,Default,Default,Core,Default,Default,Default,Default,Default,Default,Default,Default,Default,Default,Default,Default,Default,Default,Default,Default,Default,Default,Default,Default,Default,Default,Default,Core(Runtime=Core),,1,MainWarmup,6,747580031.19,33554432,22.28
Program.Perform,Perf.App,Program,Perform,Core,Default,Default,Default,Default,Default,Default,Default,Default,Default,Default,Core,Default,Default,Default,Default,Default,Default,Default,Default,Default,Default,Default,Default,Default,Default,Default,Default,Default,Default,Default,Default,Default,Default,Default,Core(Runtime=Core),,1,MainWarmup,7,762741325.21,33554432,22.73
Program.Perform,Perf.App,Program,Perform,Core,Default,Default,Default,Default,Default,Default,Default,Default,Default,Default,Core,Default,Default,Default,Default,Default,Default,Default,Default,Default,Default,Default,Default,Default,Default,Default,Default,Default,Default,Default,Default,Default,Default,Default,Core(Runtime=Core),,1,MainWarmup,8,745389033.42,33554432,22.21
Program.Perform,Perf.App,Program,Perform,Core,Default,Default,Default,Default,Default,Default,Default,Default,Default,Default,Core,Default,Default,Default,Default,Default,Default,Default,Default,Default,Default,Default,Default,Default,Default,Default,Default,Default,Default,Default,Default,Default,Default,Default,Core(Runtime=Core),,1,MainTarget,1,922326140.49,33554432,27.49
Program.Perform,Perf.App,Program,Perform,Core,Default,Default,Default,Default,Default,Default,Default,Default,Default,Default,Core,Default,Default,Default,Default,Default,Default,Default,Default,Default,Default,Default,Default,Default,Default,Default,Default,Default,Default,Default,Default,Default,Default,Default,Core(Runtime=Core),,1,MainTarget,2,766000351.38,33554432,22.83
Program.Perform,Perf.App,Program,Perform,Core,Default,Default,Default,Default,Default,Default,Default,Default,Default,Default,Core,Default,Default,Default,Default,Default,Default,Default,Default,Default,Default,Default,Default,Default,Default,Default,Default,Default,Default,Default,Default,Default,Default,Default,Core(Runtime=Core),,1,MainTarget,3,755318859.91,33554432,22.51
Program.Perform,Perf.App,Program,Perform,Core,Default,Default,Default,Default,Default,Default,Default,Default,Default,Default,Core,Default,Default,Default,Default,Default,Default,Default,Default,Default,Default,Default,Default,Default,Default,Default,Default,Default,Default,Default,Default,Default,Default,Default,Core(Runtime=Core),,1,MainTarget,4,745305716.34,33554432,22.21
Program.Perform,Perf.App,Program,Perform,Core,Default,Default,Default,Default,Default,Default,Default,Default,Default,Default,Core,Default,Default,Default,Default,Default,Default,Default,Default,Default,Default,Default,Default,Default,Default,Default,Default,Default,Default,Default,Default,Default,Default,Default,Core(Runtime=Core),,1,MainTarget,5,749017552.74,33554432,22.32
Program.Perform,Perf.App,Program,Perform,Core,Default,Default,Default,Default,Default,Default,Default,Default,Default,Default,Core,Default,Default,Default,Default,Default,Default,Default,Default,Default,Default,Default,Default,Default,Default,Default,Default,Default,Default,Default,Default,Default,Default,Default,Core(Runtime=Core),,1,MainTarget,6,733599062.5,33554432,21.86
Program.Perform,Perf.App,Program,Perform,Core,Default,Default,Default,Default,Default,Default,Default,Default,Default,Default,Core,Default,Default,Default,Default,Default,Default,Default,Default,Default,Default,Default,Default,Default,Default,Default,Default,Default,Default,Default,Default,Default,Default,Default,Core(Runtime=Core),,1,MainTarget,7,769789467.39,33554432,22.94
Program.Perform,Perf.App,Program,Perform,Core,Default,Default,Default,Default,Default,Default,Default,Default,Default,Default,Core,Default,Default,Default,Default,Default,Default,Default,Default,Default,Default,Default,Default,Default,Default,Default,Default,Default,Default,Default,Default,Default,Default,Default,Core(Runtime=Core),,1,MainTarget,8,905829961.91,33554432,27
Program.Perform,Perf.App,Program,Perform,Core,Default,Default,Default,Default,Default,Default,Default,Default,Default,Default,Core,Default,Default,Default,Default,Default,Default,Default,Default,Default,Default,Default,Default,Default,Default,Default,Default,Default,Default,Default,Default,Default,Default,Default,Core(Runtime=Core),,1,MainTarget,9,774334474.62,33554432,23.08
Program.Perform,Perf.App,Program,Perform,Core,Default,Default,Default,Default,Default,Default,Default,Default,Default,Default,Core,Default,Default,Default,Default,Default,Default,Default,Default,Default,Default,Default,Default,Default,Default,Default,Default,Default,Default,Default,Default,Default,Default,Default,Core(Runtime=Core),,1,MainTarget,10,739692680.72,33554432,22.04
Program.Perform,Perf.App,Program,Perform,Core,Default,Default,Default,Default,Default,Default,Default,Default,Default,Default,Core,Default,Default,Default,Default,Default,Default,Default,Default,Default,Default,Default,Default,Default,Default,Default,Default,Default,Default,Default,Default,Default,Default,Default,Core(Runtime=Core),,1,MainTarget,11,754441011.81,33554432,22.48
Program.Perform,Perf.App,Program,Perform,Core,Default,Default,Default,Default,Default,Default,Default,Default,Default,Default,Core,Default,Default,Default,Default,Default,Default,Default,Default,Default,Default,Default,Default,Default,Default,Default,Default,Default,Default,Default,Default,Default,Default,Default,Core(Runtime=Core),,1,MainTarget,12,775733960.1,33554432,23.12
Program.Perform,Perf.App,Program,Perform,Core,Default,Default,Default,Default,Default,Default,Default,Default,Default,Default,Core,Default,Default,Default,Default,Default,Default,Default,Default,Default,Default,Default,Default,Default,Default,Default,Default,Default,Default,Default,Default,Default,Default,Default,Core(Runtime=Core),,1,MainTarget,13,788686143.95,33554432,23.5
Program.Perform,Perf.App,Program,Perform,Core,Default,Default,Default,Default,Default,Default,Default,Default,Default,Default,Core,Default,Default,Default,Default,Default,Default,Default,Default,Default,Default,Default,Default,Default,Default,Default,Default,Default,Default,Default,Default,Default,Default,Default,Core(Runtime=Core),,1,MainTarget,14,751896822.06,33554432,22.41
Program.Perform,Perf.App,Program,Perform,Core,Default,Default,Default,Default,Default,Default,Default,Default,Default,Default,Core,Default,Default,Default,Default,Default,Default,Default,Default,Default,Default,Default,Default,Default,Default,Default,Default,Default,Default,Default,Default,Default,Default,Default,Core(Runtime=Core),,1,MainTarget,15,852583101.24,33554432,25.41
Program.Perform,Perf.App,Program,Perform,Core,Default,Default,Default,Default,Default,Default,Default,Default,Default,Default,Core,Default,Default,Default,Default,Default,Default,Default,Default,Default,Default,Default,Default,Default,Default,Default,Default,Default,Default,Default,Default,Default,Default,Default,Core(Runtime=Core),,1,MainTarget,16,821665822.43,33554432,24.49
Program.Perform,Perf.App,Program,Perform,Core,Default,Default,Default,Default,Default,Default,Default,Default,Default,Default,Core,Default,Default,Default,Default,Default,Default,Default,Default,Default,Default,Default,Default,Default,Default,Default,Default,Default,Default,Default,Default,Default,Default,Default,Core(Runtime=Core),,1,MainTarget,17,760878162.05,33554432,22.68
Program.Perform,Perf.App,Program,Perform,Core,Default,Default,Default,Default,Default,Default,Default,Default,Default,Default,Core,Default,Default,Default,Default,Default,Default,Default,Default,Default,Default,Default,Default,Default,Default,Default,Default,Default,Default,Default,Default,Default,Default,Default,Core(Runtime=Core),,1,MainTarget,18,756810114.94,33554432,22.55
Program.Perform,Perf.App,Program,Perform,Core,Default,Default,Default,Default,Default,Default,Default,Default,Default,Default,Core,Default,Default,Default,Default,Default,Default,Default,Default,Default,Default,Default,Default,Default,Default,Default,Default,Default,Default,Default,Default,Default,Default,Default,Core(Runtime=Core),,1,MainTarget,19,735058922.69,33554432,21.91
Program.Perform,Perf.App,Program,Perform,Core,Default,Default,Default,Default,Default,Default,Default,Default,Default,Default,Core,Default,Default,Default,Default,Default,Default,Default,Default,Default,Default,Default,Default,Default,Default,Default,Default,Default,Default,Default,Default,Default,Default,Default,Core(Runtime=Core),,1,MainTarget,20,750715892.97,33554432,22.37
Program.Perform,Perf.App,Program,Perform,Core,Default,Default,Default,Default,Default,Default,Default,Default,Default,Default,Core,Default,Default,Default,Default,Default,Default,Default,Default,Default,Default,Default,Default,Default,Default,Default,Default,Default,Default,Default,Default,Default,Default,Default,Core(Runtime=Core),,1,MainTarget,21,743073060.03,33554432,22.15
Program.Perform,Perf.App,Program,Perform,Core,Default,Default,Default,Default,Default,Default,Default,Default,Default,Default,Core,Default,Default,Default,Default,Default,Default,Default,Default,Default,Default,Default,Default,Default,Default,Default,Default,Default,Default,Default,Default,Default,Default,Default,Core(Runtime=Core),,1,Result,1,638200663.46,33554432,19.02
Program.Perform,Perf.App,Program,Perform,Core,Default,Default,Default,Default,Default,Default,Default,Default,Default,Default,Core,Default,Default,Default,Default,Default,Default,Default,Default,Default,Default,Default,Default,Default,Default,Default,Default,Default,Default,Default,Default,Default,Default,Default,Core(Runtime=Core),,1,Result,2,627519171.99,33554432,18.7
Program.Perform,Perf.App,Program,Perform,Core,Default,Default,Default,Default,Default,Default,Default,Default,Default,Default,Core,Default,Default,Default,Default,Default,Default,Default,Default,Default,Default,Default,Default,Default,Default,Default,Default,Default,Default,Default,Default,Default,Default,Default,Core(Runtime=Core),,1,Result,3,617506028.41,33554432,18.4
Program.Perform,Perf.App,Program,Perform,Core,Default,Default,Default,Default,Default,Default,Default,Default,Default,Default,Core,Default,Default,Default,Default,Default,Default,Default,Default,Default,Default,Default,Default,Default,Default,Default,Default,Default,Default,Default,Default,Default,Default,Default,Core(Runtime=Core),,1,Result,4,621217864.81,33554432,18.51
Program.Perform,Perf.App,Program,Perform,Core,Default,Default,Default,Default,Default,Default,Default,Default,Default,Default,Core,Default,Default,Default,Default,Default,Default,Default,Default,Default,Default,Default,Default,Default,Default,Default,Default,Default,Default,Default,Default,Default,Default,Default,Core(Runtime=Core),,1,Result,5,605799374.58,33554432,18.05
Program.Perform,Perf.App,Program,Perform,Core,Default,Default,Default,Default,Default,Default,Default,Default,Default,Default,Core,Default,Default,Default,Default,Default,Default,Default,Default,Default,Default,Default,Default,Default,Default,Default,Default,Default,Default,Default,Default,Default,Default,Default,Core(Runtime=Core),,1,Result,6,641989779.47,33554432,19.13
Program.Perform,Perf.App,Program,Perform,Core,Default,Default,Default,Default,Default,Default,Default,Default,Default,Default,Core,Default,Default,Default,Default,Default,Default,Default,Default,Default,Default,Default,Default,Default,Default,Default,Default,Default,Default,Default,Default,Default,Default,Default,Core(Runtime=Core),,1,Result,7,646534786.69,33554432,19.27
Program.Perform,Perf.App,Program,Perform,Core,Default,Default,Default,Default,Default,Default,Default,Default,Default,Default,Core,Default,Default,Default,Default,Default,Default,Default,Default,Default,Default,Default,Default,Default,Default,Default,Default,Default,Default,Default,Default,Default,Default,Default,Core(Runtime=Core),,1,Result,8,611892992.79,33554432,18.24
Program.Perform,Perf.App,Program,Perform,Core,Default,Default,Default,Default,Default,Default,Default,Default,Default,Default,Core,Default,Default,Default,Default,Default,Default,Default,Default,Default,Default,Default,Default,Default,Default,Default,Default,Default,Default,Default,Default,Default,Default,Default,Core(Runtime=Core),,1,Result,9,626641323.88,33554432,18.68
Program.Perform,Perf.App,Program,Perform,Core,Default,Default,Default,Default,Default,Default,Default,Default,Default,Default,Core,Default,Default,Default,Default,Default,Default,Default,Default,Default,Default,Default,Default,Default,Default,Default,Default,Default,Default,Default,Default,Default,Default,Default,Core(Runtime=Core),,1,Result,10,647934272.18,33554432,19.31
Program.Perform,Perf.App,Program,Perform,Core,Default,Default,Default,Default,Default,Default,Default,Default,Default,Default,Core,Default,Default,Default,Default,Default,Default,Default,Default,Default,Default,Default,Default,Default,Default,Default,Default,Default,Default,Default,Default,Default,Default,Default,Core(Runtime=Core),,1,Result,11,660886456.02,33554432,19.7
Program.Perform,Perf.App,Program,Perform,Core,Default,Default,Default,Default,Default,Default,Default,Default,Default,Default,Core,Default,Default,Default,Default,Default,Default,Default,Default,Default,Default,Default,Default,Default,Default,Default,Default,Default,Default,Default,Default,Default,Default,Default,Core(Runtime=Core),,1,Result,12,624097134.13,33554432,18.6
Program.Perform,Perf.App,Program,Perform,Core,Default,Default,Default,Default,Default,Default,Default,Default,Default,Default,Core,Default,Default,Default,Default,Default,Default,Default,Default,Default,Default,Default,Default,Default,Default,Default,Default,Default,Default,Default,Default,Default,Default,Default,Core(Runtime=Core),,1,Result,13,693866134.5,33554432,20.68
Program.Perform,Perf.App,Program,Perform,Core,Default,Default,Default,Default,Default,Default,Default,Default,Default,Default,Core,Default,Default,Default,Default,Default,Default,Default,Default,Default,Default,Default,Default,Default,Default,Default,Default,Default,Default,Default,Default,Default,Default,Default,Core(Runtime=Core),,1,Result,14,633078474.13,33554432,18.87
Program.Perform,Perf.App,Program,Perform,Core,Default,Default,Default,Default,Default,Default,Default,Default,Default,Default,Core,Default,Default,Default,Default,Default,Default,Default,Default,Default,Default,Default,Default,Default,Default,Default,Default,Default,Default,Default,Default,Default,Default,Default,Core(Runtime=Core),,1,Result,15,629010427.01,33554432,18.75
Program.Perform,Perf.App,Program,Perform,Core,Default,Default,Default,Default,Default,Default,Default,Default,Default,Default,Core,Default,Default,Default,Default,Default,Default,Default,Default,Default,Default,Default,Default,Default,Default,Default,Default,Default,Default,Default,Default,Default,Default,Default,Core(Runtime=Core),,1,Result,16,607259234.76,33554432,18.1
Program.Perform,Perf.App,Program,Perform,Core,Default,Default,Default,Default,Default,Default,Default,Default,Default,Default,Core,Default,Default,Default,Default,Default,Default,Default,Default,Default,Default,Default,Default,Default,Default,Default,Default,Default,Default,Default,Default,Default,Default,Default,Core(Runtime=Core),,1,Result,17,622916205.05,33554432,18.56
Program.Perform,Perf.App,Program,Perform,Core,Default,Default,Default,Default,Default,Default,Default,Default,Default,Default,Core,Default,Default,Default,Default,Default,Default,Default,Default,Default,Default,Default,Default,Default,Default,Default,Default,Default,Default,Default,Default,Default,Default,Default,Core(Runtime=Core),,1,Result,18,615273372.1,33554432,18.34
